k,Inertia,SilhouetteScore
2,8588.985343295877,0.4386023012270002
3,6354.343153426074,0.3477454491034673
4,4921.2333452738085,0.3649707840057234
5,4099.106078778312,0.3424961358761568
6,3554.6962688609824,0.3347964327358149
