Variable,count,mean,std,min,25%,50%,75%,max
Quantity,779425.0,13.489369727683869,145.8558140997768,1.0,2.0,6.0,12.0,80995.0
UnitPrice,779425.0,3.2184879853738333,29.67613969571142,0.001,1.25,1.95,3.75,10953.5
TotalPrice,779425.0,22.291823161946304,227.427075483571,0.001,4.95,12.48,19.8,168469.6
